{
  "main": {
    "id": "08c8fdfd831acb89",
    "type": "split",
    "children": [
      {
        "id": "35cc027fa29892ea",
        "type": "tabs",
        "children": [
          {
            "id": "4c6e622b997f35ba",
            "type": "leaf",
            "state": {
              "type": "markdown",
              "state": {
                "file": "ApuntesDFP/0-Basico/Nmap.md",
                "mode": "source",
                "source": false
              }
            }
          },
          {
            "id": "0718358a44cbcc47",
            "type": "leaf",
            "state": {
              "type": "markdown",
              "state": {
                "file": "ApuntesDFP/Linux/Comandos/0-Utiles.md",
                "mode": "source",
                "source": false
              }
            }
          }
        ]
      }
    ],
    "direction": "vertical"
  },
  "left": {
    "id": "9cc23116872a3018",
    "type": "split",
    "children": [
      {
        "id": "3e4ee3d8239c2966",
        "type": "tabs",
        "children": [
          {
            "id": "f1488e07dc1ca064",
            "type": "leaf",
            "state": {
              "type": "file-explorer",
              "state": {
                "sortOrder": "alphabetical"
              }
            }
          },
          {
            "id": "775d8b0ba09ab1d2",
            "type": "leaf",
            "state": {
              "type": "search",
              "state": {
                "query": "ftp",
                "matchingCase": true,
                "explainSearch": false,
                "collapseAll": false,
                "extraContext": false,
                "sortOrder": "alphabetical"
              }
            }
          },
          {
            "id": "eb00ae4b4ebfe075",
            "type": "leaf",
            "state": {
              "type": "starred",
              "state": {}
            }
          },
          {
            "id": "c821e130e26ccfea",
            "type": "leaf",
            "state": {
              "type": "bookmarks",
              "state": {}
            }
          }
        ]
      }
    ],
    "direction": "horizontal",
    "width": 257.5
  },
  "right": {
    "id": "d7e788db363d17ee",
    "type": "split",
    "children": [
      {
        "id": "9029a163754aabf3",
        "type": "tabs",
        "children": [
          {
            "id": "b9ca206a5f3bbf57",
            "type": "leaf",
            "state": {
              "type": "backlink",
              "state": {
                "file": "ApuntesDFP/0-Basico/Nmap.md",
                "collapseAll": false,
                "extraContext": false,
                "sortOrder": "alphabetical",
                "showSearch": false,
                "searchQuery": "",
                "backlinkCollapsed": false,
                "unlinkedCollapsed": true
              }
            }
          },
          {
            "id": "cd501c08d0377f71",
            "type": "leaf",
            "state": {
              "type": "outgoing-link",
              "state": {
                "file": "ApuntesDFP/0-Basico/Nmap.md",
                "linksCollapsed": false,
                "unlinkedCollapsed": true
              }
            }
          },
          {
            "id": "5bbf9db33a641888",
            "type": "leaf",
            "state": {
              "type": "tag",
              "state": {
                "sortOrder": "frequency",
                "useHierarchy": true
              }
            }
          },
          {
            "id": "3a57587efa5796be",
            "type": "leaf",
            "state": {
              "type": "outline",
              "state": {
                "file": "ApuntesDFP/0-Basico/Nmap.md"
              }
            }
          }
        ]
      }
    ],
    "direction": "horizontal",
    "width": 300,
    "collapsed": true
  },
  "left-ribbon": {
    "hiddenItems": {
      "switcher:Open quick switcher": false,
      "graph:Open graph view": false,
      "daily-notes:Open today's daily note": false,
      "templates:Insert template": false,
      "command-palette:Open command palette": false,
      "canvas:Create new canvas": false
    }
  },
  "active": "4c6e622b997f35ba",
  "lastOpenFiles": [
    "ApuntesDFP/ComunidadHE/1-Oclat(Anonymous ftp).md",
    "ApuntesDFP/ComunidadHE/2-PepeTheFrog.md",
    "ApuntesDFP/0-Basico/Nmap.md",
    "conocimiento/Hacking/Hacking Generico/Nmap/Nmap.md",
    "conocimiento/Hacking/Hacking Generico/Hacking Web/SQL Injection.md",
    "ApuntesDFP/0-Basico/Puertos.md",
    "ApuntesDFP/0-Basico",
    "ApuntesDFP/Linux/Comandos/Netcat.md",
    "ApuntesDFP/Linux/Comandos/Nmap.md",
    "conocimiento/Hacking/HackTheBox/MAQUINA WALDO (Path traversal y Local File Inclusion LFI para obtener clave ssh privada id_rsa para entrar con ssh).md",
    "conocimiento/Hacking/Pivoting/Recibir Credenciales SSH.md",
    "conocimiento/Linux/Cómo Usar VIM.md",
    "conocimiento/Linux/Ansible/PlayBooks.md",
    "conocimiento/Linux/Ansible/Instalar Servicio SSH en Linux.md",
    "conocimiento/Linux/Ansible/Fichero de Configuración Ansible.md",
    "conocimiento/Linux/Ansible/Configuración SSH Automático.md",
    "conocimiento/Linux/Ansible/Principales Módulos/Módulo Command.md",
    "conocimiento/Linux/Ansible/Principales Módulos/Modulo Archive.md",
    "ApuntesDFP/Linux/Tipos de maquinas/Esteganografía.md",
    "conocimiento/Linux/Bash Scripting/Herramientas Prácticas/HERRAMIENTA BASH PARA DETECTAR PUERTOS ABIERTOS DE UNA IP.md",
    "conocimiento/Linux/Bash Scripting/Herramientas Prácticas/HERRAMIENTA BASH PARA CODIFICAR UN MENSAJE EN MUCHAS IMÁGENES A LA VEZ CON STEGHIDE.md",
    "conocimiento/Linux/Bash Scripting/Herramientas Prácticas/HERRAMIENTA BASH PARA BUSCAR ARCHIVOS EN TODO EL SISTEMA LINUX.md",
    "conocimiento/Linux/Bash Scripting/Herramientas Prácticas/Controlar Excel con Bash - xlsx2csv.md",
    "ApuntesDFP/Linux/Scripting/SOSscript.sh.md",
    "ApuntesDFP/Linux/Tipos de maquinas",
    "ApuntesDFP/Linux/Comandos/0-Utiles.md",
    "ApuntesDFP/ComunidadHE/Maquina Oclat",
    "ApuntesDFP/ComunidadHE",
    "ApuntesDFP/Linux/Scripting/0-Usados.md",
    "ApuntesDFP/Linux/Comandos/Git.md",
    "ApuntesDFP/PortSwinger/Autentificacion",
    "ApuntesDFP/Linux/Comandos",
    "ApuntesDFP/Linux/Scripting",
    "ApuntesDFP/Linux",
    "ApuntesDFP/Python/Librerias/OS",
    "ApuntesDFP/Python/Librerias/Sys",
    "conocimiento/images/29-5.png",
    "conocimiento/images/29-4.png",
    "conocimiento/images/29-3.png",
    "conocimiento/images/29-2.png",
    "conocimiento/images/29-1.png",
    "Pasted image 20230626202338.png",
    "Pasted image 20230626201812.png",
    "Pasted image 20230626201526.png",
    "Pasted image 20230626201439.png",
    "Pasted image 20230626201307.png"
  ]
}